domain,condition,input_value,input_unit,mean_signal,confidence_interval_lower,confidence_interval_upper,standard_deviation_signal,coefficient_of_variation
Biochem,low_concentration,0.1,mM,0.12,0.09515862288249669,0.1448413771175033,0.010000000000000002,0.08333333333333336
Biochem,medium_concentration,0.5,mM,0.5066666666666667,0.46872083633069905,0.5446124970026344,0.01527525231651948,0.030148524308920024
Biochem,high_concentration,1.0,mM,1.0033333333333332,0.9516218832079105,1.055044783458756,0.020816659994661348,0.020747501655808655
Electronics,low_load,10.0,ohm,4.923333333333334,4.8608172385395765,4.985849428127091,0.025166114784235766,0.005111600836337664
Electronics,medium_load,20.0,ohm,4.676666666666667,4.6141505718729094,4.739182761460424,0.025166114784235707,0.005381207722929945
Electronics,high_load,40.0,ohm,4.216666666666667,3.9581094160395534,4.47522391729378,0.10408329997330676,0.02468378655493441
Mechanical,low_load,50.0,N,0.51,0.48515862288249667,0.5348413771175033,0.010000000000000009,0.01960784313725492
Mechanical,medium_load,100.0,N,1.0966666666666667,1.058720836330699,1.1346124970026343,0.01527525231651948,0.013928801504425058
Mechanical,high_load,150.0,N,1.8833333333333335,1.4130936538874619,2.353573012779205,0.18929694486000917,0.10051165213805796
