y_true,y_pred_model,y_pred_baseline,abs_error_model
24.1,23.855801331939183,10.054616240266963,0.24419866806081814
13.4,15.008979392522445,10.054616240266963,1.6089793925224445
6.8,7.935425327668448,10.054616240266963,1.1354253276684485
8.6,8.574247838765222,10.054616240266963,0.025752161234777304
11.5,12.613375737961166,10.054616240266963,1.1133757379611655
7.4,7.116686247757956,10.054616240266963,0.28331375224204436
10.5,11.635141945716086,10.054616240266963,1.1351419457160858
3.5,3.4949089310653836,10.054616240266963,0.005091068934616416
8.0,8.146161635177705,10.054616240266963,0.1461616351777053
9.6,10.453093385025051,10.054616240266963,0.8530933850250513
6.7,7.689314799303217,10.054616240266963,0.9893147993032168
15.0,16.00709527949637,10.054616240266963,1.0070952794963688
1.9,-0.5064251821296679,10.054616240266963,2.406425182129668
11.3,12.086313639492397,10.054616240266963,0.7863136394923966
10.5,11.480953906325068,10.054616240266963,0.9809539063250678
11.7,12.252612849625987,10.054616240266963,0.5526128496259872
7.9,8.253873283627797,10.054616240266963,0.3538732836277969
6.1,5.9162164955467205,10.054616240266963,0.18378350445327918
7.0,7.132162996946359,10.054616240266963,0.13216299694635936
6.5,6.729984269099743,10.054616240266963,0.22998426909974334
15.7,15.859004961410282,10.054616240266963,0.15900496141028242
6.5,6.8827980577432,10.054616240266963,0.38279805774319975
8.3,10.037570318121668,10.054616240266963,1.7375703181216675
6.1,6.437342112482918,10.054616240266963,0.33734211248291857
6.9,7.733401886196884,10.054616240266963,0.8334018861968833
13.4,14.964689793495351,10.054616240266963,1.5646897934953508
6.9,7.36909106119637,10.054616240266963,0.46909106119636945
17.8,17.769556046903293,10.054616240266963,0.030443953096707332
8.4,9.898399361698486,10.054616240266963,1.4983993616984854
3.6,4.3041621636493215,10.054616240266963,0.7041621636493214
11.2,12.27207074970682,10.054616240266963,1.0720707497068211
12.2,13.640523627653733,10.054616240266963,1.440523627653734
3.8,2.1047066947333803,10.054616240266963,1.6952933052666195
19.3,19.288865770170485,10.054616240266963,0.011134229829515618
12.2,13.125345318653846,10.054616240266963,0.9253453186538465
10.3,11.172592410963249,10.054616240266963,0.8725924109632484
2.8,2.083323034953124,10.054616240266963,0.7166769650468758
10.8,11.578929580170264,10.054616240266963,0.7789295801702636
5.5,6.0565676055010345,10.054616240266963,0.5565676055010345
4.0,2.822501732551853,10.054616240266963,1.1774982674481471
8.7,9.588297959295248,10.054616240266963,0.8882979592952491
7.3,7.755345352425978,10.054616240266963,0.4553453524259785
10.3,11.0697074381851,10.054616240266963,0.7697074381850992
26.8,25.31266740575915,10.054616240266963,1.4873325942408506
8.0,8.465622627405413,10.054616240266963,0.4656226274054127
18.0,18.26016064874946,10.054616240266963,0.26016064874945855
8.5,9.699648822829094,10.054616240266963,1.1996488228290936
14.8,15.552741613125082,10.054616240266963,0.7527416131250817
6.0,5.77673782239731,10.054616240266963,0.22326217760268996
19.3,20.031001293366085,10.054616240266963,0.7310012933660843
17.3,17.456242306522824,10.054616240266963,0.15624230652282378
29.8,27.787094809120767,10.054616240266963,2.012905190879234
12.6,14.233598071039872,10.054616240266963,1.6335980710398719
8.5,10.020059991245752,10.054616240266963,1.520059991245752
1.5,-0.20576925803725565,10.054616240266963,1.7057692580372557
7.9,9.201263941445417,10.054616240266963,1.3012639414454164
22.6,21.92288260400145,10.054616240266963,0.6771173959985504
4.0,2.713814681036042,10.054616240266963,1.286185318963958
15.8,16.508039507619223,10.054616240266963,0.7080395076192225
3.1,2.1635862468433906,10.054616240266963,0.9364137531566095
8.8,8.907185170157844,10.054616240266963,0.10718517015784279
3.5,4.1567550339045845,10.054616240266963,0.6567550339045845
14.2,15.256862580986628,10.054616240266963,1.0568625809866283
3.6,2.8838176581943253,10.054616240266963,0.7161823418056747
0.3,-2.368584045758496,10.054616240266963,2.6685840457584957
9.1,9.835348096195261,10.054616240266963,0.7353480961952616
3.9,3.518616231979947,10.054616240266963,0.3813837680200529
13.4,14.621687306303546,10.054616240266963,1.2216873063035454
2.4,1.0657388949351034,10.054616240266963,1.3342611050648965
7.8,8.352202825841449,10.054616240266963,0.5522028258414489
9.8,11.170848117080569,10.054616240266963,1.370848117080568
11.0,12.042179492719045,10.054616240266963,1.042179492719045
3.2,2.732964972192315,10.054616240266963,0.46703502780768513
8.5,9.118440666614841,10.054616240266963,0.6184406666148412
5.1,5.044485596285343,10.054616240266963,0.05551440371465688
5.4,5.637665801129563,10.054616240266963,0.23766580112956248
8.0,8.553404442884206,10.054616240266963,0.5534044428842062
4.8,4.972985990225044,10.054616240266963,0.1729859902250439
7.8,8.61665643771164,10.054616240266963,0.8166564377116403
2.2,0.5130203765395898,10.054616240266963,1.6869796234604104
3.1,2.2041382866985506,10.054616240266963,0.8958617133014495
15.7,16.319825731236566,10.054616240266963,0.6198257312365669
4.1,4.279661752214473,10.054616240266963,0.17966175221447322
2.4,0.3628772467675354,10.054616240266963,2.0371227532324645
2.1,0.8165110996763651,10.054616240266963,1.283488900323635
3.8,3.287285743097512,10.054616240266963,0.5127142569024876
13.7,14.009757367504788,10.054616240266963,0.30975736750478866
19.7,19.74330408700896,10.054616240266963,0.04330408700895916
7.6,8.236780380437448,10.054616240266963,0.6367803804374486
10.0,10.345721469611032,10.054616240266963,0.345721469611032
4.4,3.5242200172244944,10.054616240266963,0.875779982775506
14.3,14.921427728787766,10.054616240266963,0.621427728787765
25.0,22.433630905086364,10.054616240266963,2.566369094913636
6.4,7.269818412767286,10.054616240266963,0.8698184127672857
20.9,20.902958646003675,10.054616240266963,0.0029586460036767903
1.7,-0.11323829620518211,10.054616240266963,1.813238296205182
1.5,0.7179098594561832,10.054616240266963,0.7820901405438168
1.1,-0.5148294575373562,10.054616240266963,1.6148294575373563
14.8,15.562713024518342,10.054616240266963,0.7627130245183409
5.4,5.0146846033325625,10.054616240266963,0.38531539666743786
25.7,24.445648352483555,10.054616240266963,1.2543516475164438
4.5,4.839818893298931,10.054616240266963,0.339818893298931
25.5,24.276684103113467,10.054616240266963,1.2233158968865325
4.9,5.048766731125587,10.054616240266963,0.14876673112558692
3.2,3.2746996876635874,10.054616240266963,0.07469968766358726
10.0,11.25483647963795,10.054616240266963,1.2548364796379499
13.5,13.144117420997755,10.054616240266963,0.3558825790022446
2.1,0.4210519217687807,10.054616240266963,1.6789480782312194
11.6,11.492882401011778,10.054616240266963,0.10711759898822137
3.3,2.520660980619036,10.054616240266963,0.7793390193809637
10.3,12.048088046147093,10.054616240266963,1.7480880461470925
10.9,11.095370670977063,10.054616240266963,0.19537067097706284
2.0,-0.2762219212128372,10.054616240266963,2.276221921212837
6.6,6.772027620028929,10.054616240266963,0.17202762002892946
13.3,13.967228360157458,10.054616240266963,0.6672283601574573
9.2,9.737620369695104,10.054616240266963,0.5376203696951052
16.4,17.656371321357533,10.054616240266963,1.256371321357534
7.8,8.514468024855057,10.054616240266963,0.7144680248550577
9.5,10.60987185746808,10.054616240266963,1.1098718574680806
7.2,7.838782895695278,10.054616240266963,0.6387828956952779
7.2,7.926388352296803,10.054616240266963,0.7263883522968024
22.0,21.63925911267779,10.054616240266963,0.36074088732220844
11.0,12.246632026912739,10.054616240266963,1.2466320269127387
14.1,14.52260708675555,10.054616240266963,0.4226070867555496
11.6,12.618462494434064,10.054616240266963,1.0184624944340648
7.2,7.599698745571834,10.054616240266963,0.3996987455718335
10.3,10.646175768396645,10.054616240266963,0.34617576839664466
15.9,16.815548264357638,10.054616240266963,0.9155482643576374
2.4,1.272084471539575,10.054616240266963,1.127915528460425
8.6,9.242556659143828,10.054616240266963,0.6425566591438283
14.3,15.562067839304877,10.054616240266963,1.2620678393048763
8.6,8.711279517293844,10.054616240266963,0.11127951729384478
14.5,15.112799783065519,10.054616240266963,0.612799783065519
22.2,21.729662105557843,10.054616240266963,0.47033789444215657
5.5,5.51440903505017,10.054616240266963,0.014409035050170438
4.9,4.801734808036009,10.054616240266963,0.09826519196399097
8.9,9.769471711353322,10.054616240266963,0.8694717113533219
11.2,13.775664226101933,10.054616240266963,2.5756642261019334
12.2,13.805514112070682,10.054616240266963,1.6055141120706828
28.0,26.910130034809832,10.054616240266963,1.089869965190168
14.5,14.773884819794528,10.054616240266963,0.27388481979452806
6.6,6.941290610630349,10.054616240266963,0.3412906106303497
15.8,16.67107494333419,10.054616240266963,0.8710749433341896
0.4,-2.055286737092821,10.054616240266963,2.455286737092821
8.7,9.775184604005343,10.054616240266963,1.0751846040053437
2.0,0.4729273450065943,10.054616240266963,1.5270726549934057
2.2,2.024502706433493,10.054616240266963,0.17549729356650712
3.0,2.528201416367284,10.054616240266963,0.4717985836327161
6.4,6.833741088545148,10.054616240266963,0.4337410885451476
26.4,25.521328829974014,10.054616240266963,0.878671170025985
11.7,12.501406526986063,10.054616240266963,0.8014065269860637
12.1,12.473444930088409,10.054616240266963,0.37344493008840907
8.9,9.592532096619344,10.054616240266963,0.6925320966193436
42.8,35.9951299319854,10.054616240266963,6.804870068014594
1.1,-1.3075502678404742,10.054616240266963,2.4075502678404743
11.8,12.76722764937783,10.054616240266963,0.9672276493778291
14.1,14.80267681510093,10.054616240266963,0.702676815100931
20.1,19.811206553586334,10.054616240266963,0.288793446413667
9.2,9.866934218641934,10.054616240266963,0.6669342186419343
6.6,7.633632116961384,10.054616240266963,1.0336321169613845
25.4,24.044134992892822,10.054616240266963,1.3558650071071767
11.8,13.292176131333811,10.054616240266963,1.4921761313338102
12.3,12.27679704119545,10.054616240266963,0.023202958804549922
6.6,6.988525841637141,10.054616240266963,0.38852584163714177
2.7,0.9758442081267802,10.054616240266963,1.72415579187322
7.4,8.401757332005399,10.054616240266963,1.0017573320053987
16.3,17.24149310383095,10.054616240266963,0.9414931038309504
6.4,6.889602136815141,10.054616240266963,0.4896021368151411
6.6,7.478899041450964,10.054616240266963,0.8788990414509641
3.5,2.979546584985451,10.054616240266963,0.5204534150145488
7.6,8.618209246124103,10.054616240266963,1.018209246124103
8.0,7.808881547572302,10.054616240266963,0.19111845242769832
2.7,2.699759494397303,10.054616240266963,0.00024050560269728294
4.1,4.330511337290621,10.054616240266963,0.23051133729062112
14.9,14.90819750789074,10.054616240266963,0.008197507890740141
8.5,9.006581554289406,10.054616240266963,0.5065815542894061
3.3,2.351445824437512,10.054616240266963,0.9485541755624878
7.9,7.657065811690728,10.054616240266963,0.24293418830927216
5.4,5.689046561049633,10.054616240266963,0.28904656104963244
10.0,10.950838874567898,10.054616240266963,0.9508388745678982
6.1,7.03352998634928,10.054616240266963,0.9335299863492805
4.2,3.690353258779025,10.054616240266963,0.5096467412209753
18.8,19.23734404228201,10.054616240266963,0.4373440422820103
5.4,6.023165339693395,10.054616240266963,0.6231653396933945
3.3,3.9089759913786173,10.054616240266963,0.6089759913786175
8.0,10.647132254181244,10.054616240266963,2.647132254181244
4.5,4.545642862426343,10.054616240266963,0.045642862426342745
3.9,2.9470483609878997,10.054616240266963,0.9529516390121002
14.3,16.186003541929352,10.054616240266963,1.8860035419293517
10.3,11.181070880892149,10.054616240266963,0.8810708808921479
17.4,18.192109980438904,10.054616240266963,0.7921099804389051
11.7,12.709677207665992,10.054616240266963,1.0096772076659928
10.6,11.144200488971302,10.054616240266963,0.5442004889713026
12.4,13.131515249703703,10.054616240266963,0.731515249703703
32.0,28.957134497582306,10.054616240266963,3.042865502417694
11.7,11.388970666365488,10.054616240266963,0.3110293336345116
18.9,18.664872269687265,10.054616240266963,0.23512773031273326
7.1,8.13269179125524,10.054616240266963,1.0326917912552407
21.7,21.47150388741732,10.054616240266963,0.228496112582679
15.7,16.240498169899148,10.054616240266963,0.5404981698991485
4.6,4.362595703668214,10.054616240266963,0.2374042963317855
14.8,15.451123920701196,10.054616240266963,0.6511239207011954
10.9,12.162966580018441,10.054616240266963,1.2629665800184409
5.7,5.591920991829995,10.054616240266963,0.10807900817000515
9.3,10.165501495229382,10.054616240266963,0.8655014952293811
10.1,11.357991067852414,10.054616240266963,1.257991067852414
0.9,-2.1861319813655946,10.054616240266963,3.0861319813655945
7.9,8.63881152998272,10.054616240266963,0.7388115299827192
12.6,12.848106614399846,10.054616240266963,0.2481066143998465
17.1,16.812619251171377,10.054616240266963,0.28738074882862463
5.4,4.788274639165335,10.054616240266963,0.6117253608346651
13.9,14.966201860392893,10.054616240266963,1.0662018603928924
3.7,3.256253503315328,10.054616240266963,0.44374649668467203
0.8,-1.5427319584066694,10.054616240266963,2.3427319584066693
18.0,18.436834639644527,10.054616240266963,0.43683463964452685
11.4,12.206067953071269,10.054616240266963,0.8060679530712687
8.0,9.231644845748262,10.054616240266963,1.2316448457482618
6.5,7.2248385697938815,10.054616240266963,0.7248385697938815
2.6,2.03706143645131,10.054616240266963,0.5629385635486899
2.9,1.4806749699179829,10.054616240266963,1.419325030082017
9.2,10.625796896829204,10.054616240266963,1.4257968968292047
9.1,9.972029525710573,10.054616240266963,0.8720295257105732
2.3,2.0354233980633225,10.054616240266963,0.2645766019366773
3.9,3.583918766877333,10.054616240266963,0.316081233122667
5.1,6.035046498190837,10.054616240266963,0.9350464981908377
2.0,0.8170973482785726,10.054616240266963,1.1829026517214274
18.6,18.32753989340956,10.054616240266963,0.2724601065904402
21.0,21.180420385314967,10.054616240266963,0.1804203853149673
20.1,20.16682023690067,10.054616240266963,0.06682023690066785
11.4,11.67978900308072,10.054616240266963,0.27978900308071886
16.9,16.828786124327923,10.054616240266963,0.07121387567207549
5.9,5.998796399325387,10.054616240266963,0.09879639932538709
24.5,23.3186139371606,10.054616240266963,1.181386062839401
13.1,14.93504613053194,10.054616240266963,1.835046130531941
17.7,17.983301967404685,10.054616240266963,0.28330196740468594
11.7,12.85385512987707,10.054616240266963,1.153855129877071
3.3,2.568723272605985,10.054616240266963,0.7312767273940146
30.3,27.019868072440218,10.054616240266963,3.2801319275597827
11.8,14.135992566845978,10.054616240266963,2.3359925668459773
1.9,2.878862981700701,10.054616240266963,0.9788629817007011
17.5,18.572430235850483,10.054616240266963,1.072430235850483
13.4,14.101396781733653,10.054616240266963,0.7013967817336528
23.6,23.075627875224356,10.054616240266963,0.5243721247756454
10.1,10.641082634689628,10.054616240266963,0.5410826346896283
14.6,15.660163408983319,10.054616240266963,1.0601634089833194
8.5,9.721380971761711,10.054616240266963,1.221380971761711
20.8,21.117162486331367,10.054616240266963,0.317162486331366
14.0,14.423903473001335,10.054616240266963,0.42390347300133513
6.4,6.942345086330442,10.054616240266963,0.5423450863304415
11.5,12.057168091373608,10.054616240266963,0.5571680913736081
2.5,1.5811369066053285,10.054616240266963,0.9188630933946715
6.2,7.236272330684894,10.054616240266963,1.036272330684894
9.0,11.922597342164945,10.054616240266963,2.922597342164945
9.7,9.83598331379945,10.054616240266963,0.13598331379944995
32.3,29.127698201898202,10.054616240266963,3.1723017981017954
5.1,5.799122880120185,10.054616240266963,0.6991228801201856
3.5,3.168737381504421,10.054616240266963,0.3312626184955789
20.4,20.262612806965286,10.054616240266963,0.13738719303471214
7.5,8.725486733586369,10.054616240266963,1.2254867335863686
7.3,7.2468490982854625,10.054616240266963,0.05315090171453729
10.3,12.134061163663283,10.054616240266963,1.8340611636632822
22.9,22.4150128622683,10.054616240266963,0.4849871377317001
1.9,2.5024889942351756,10.054616240266963,0.6024889942351757
18.9,19.34710986068159,10.054616240266963,0.44710986068159286
3.1,2.3458951478436036,10.054616240266963,0.7541048521563964
14.7,15.3923105626958,10.054616240266963,0.6923105626958002
11.9,12.180323685222863,10.054616240266963,0.28032368522286255
5.7,10.3864307486652,10.054616240266963,4.6864307486652
20.9,20.524031396894863,10.054616240266963,0.3759686031051359
11.6,11.649484742428465,10.054616240266963,0.04948474242846501
12.7,13.653821898878164,10.054616240266963,0.9538218988781644
5.3,4.8975052430331045,10.054616240266963,0.4024947569668953
10.8,10.441991876445353,10.054616240266963,0.3580081235546473
20.8,20.82671324085305,10.054616240266963,0.026713240853048603
13.8,14.391539065507622,10.054616240266963,0.5915390655076216
2.4,1.240082136685043,10.054616240266963,1.159917863314957
7.9,8.114896044353625,10.054616240266963,0.2148960443536243
8.9,10.111260210017381,10.054616240266963,1.2112602100173806
11.0,11.848392256567301,10.054616240266963,0.8483922565673012
5.1,4.647616748075439,10.054616240266963,0.4523832519245605
8.5,9.57150586080244,10.054616240266963,1.0715058608024393
10.7,11.488585900914332,10.054616240266963,0.7885859009143328
4.2,3.817019432891879,10.054616240266963,0.38298056710812123
11.2,11.510257072043833,10.054616240266963,0.310257072043834
21.7,20.851413651193248,10.054616240266963,0.8485863488067515
22.4,22.341996672950522,10.054616240266963,0.05800332704947664
16.7,17.454604692974122,10.054616240266963,0.754604692974123
10.2,11.164439178748978,10.054616240266963,0.9644391787489788
24.0,23.268067045534217,10.054616240266963,0.7319329544657833
4.5,4.149680330629632,10.054616240266963,0.35031966937036785
0.3,-1.577416193187478,10.054616240266963,1.877416193187478
21.3,21.54358561728553,10.054616240266963,0.24358561728552885
6.0,6.724064219281284,10.054616240266963,0.7240642192812841
14.8,15.927631117915375,10.054616240266963,1.1276311179153744
12.9,13.723214693864525,10.054616240266963,0.8232146938645251
8.2,8.99839213584809,10.054616240266963,0.7983921358480899
5.1,6.164041602563325,10.054616240266963,1.064041602563325
2.0,1.6119801528565016,10.054616240266963,0.38801984714349835
4.3,4.251685645771133,10.054616240266963,0.048314354228867096
2.8,1.958706600578486,10.054616240266963,0.8412933994215139
22.7,22.142083317924317,10.054616240266963,0.5579166820756818
6.9,7.108007607896098,10.054616240266963,0.2080076078960973
1.4,-0.23988071398876443,10.054616240266963,1.6398807139887643
13.5,13.622848851937249,10.054616240266963,0.12284885193724904
1.2,-0.5085033314100613,10.054616240266963,1.7085033314100613
1.6,-0.05696209066539204,10.054616240266963,1.6569620906653921
4.1,3.627898018655576,10.054616240266963,0.4721019813444238
1.6,0.09585201633433194,10.054616240266963,1.5041479836656682
8.6,9.59314653958184,10.054616240266963,0.99314653958184
2.4,1.431017270854987,10.054616240266963,0.9689827291450128
14.1,14.650565150927429,10.054616240266963,0.5505651509274294
6.4,6.6131200500352465,10.054616240266963,0.21312005003524614
3.9,3.515800409202429,10.054616240266963,0.38419959079757104
4.7,5.081184997357994,10.054616240266963,0.3811849973579937
6.4,6.5794582641005785,10.054616240266963,0.1794582641005782
2.0,1.2387672052541188,10.054616240266963,0.7612327947458812
5.3,5.094108113557858,10.054616240266963,0.20589188644214218
7.2,7.710473595552521,10.054616240266963,0.5104735955525213
2.2,1.5377521772090041,10.054616240266963,0.662247822790996
5.9,5.324972582005798,10.054616240266963,0.5750274179942023
9.2,10.364112165887516,10.054616240266963,1.1641121658875164
23.3,23.46545903208854,10.054616240266963,0.1654590320885383
7.8,8.781228380412799,10.054616240266963,0.9812283804127988
6.2,6.721595996482964,10.054616240266963,0.5215959964829642
1.6,0.2945373663496298,10.054616240266963,1.3054626336503703
24.9,23.197148390689733,10.054616240266963,1.7028516093102652
3.2,2.7525134859528846,10.054616240266963,0.4474865140471156
18.8,19.214298149927632,10.054616240266963,0.4142981499276317
2.7,1.034885994583103,10.054616240266963,1.6651140054168971
19.4,19.41779097439862,10.054616240266963,0.017790974398621984
6.4,6.7278619426844175,10.054616240266963,0.32786194268441715
1.8,0.7261644533480123,10.054616240266963,1.0738355466519878
9.7,10.66790763194021,10.054616240266963,0.9679076319402107
7.1,8.115741528140083,10.054616240266963,1.015741528140083
7.9,8.46226310479829,10.054616240266963,0.5622631047982889
13.7,15.45801165472426,10.054616240266963,1.7580116547242604
11.0,11.997254799304436,10.054616240266963,0.9972547993044358
20.6,20.778446452671673,10.054616240266963,0.1784464526716718
24.8,23.893771849502137,10.054616240266963,0.9062281504978635
14.5,15.341236109704372,10.054616240266963,0.8412361097043721
25.9,25.550451075643736,10.054616240266963,0.34954892435626306
22.7,22.009998894392492,10.054616240266963,0.6900011056075073
18.7,19.261612158160265,10.054616240266963,0.5616121581602656
2.6,1.4148407368988565,10.054616240266963,1.1851592631011436
11.0,11.801750142200602,10.054616240266963,0.8017501422006017
12.7,14.75867096097086,10.054616240266963,2.0586709609708613
9.0,9.929336204646651,10.054616240266963,0.9293362046466509
29.1,26.434061313283827,10.054616240266963,2.6659386867161743
15.9,15.96781577185281,10.054616240266963,0.06781577185281051
3.8,2.6545083531291205,10.054616240266963,1.1454916468708793
9.0,9.896592015013734,10.054616240266963,0.8965920150137343
16.3,17.31436696045067,10.054616240266963,1.014366960450669
5.8,5.389885304768669,10.054616240266963,0.41011469523133126
7.6,8.26293922040613,10.054616240266963,0.6629392204061304
6.9,7.732851882798063,10.054616240266963,0.8328518827980629
13.5,14.69875025510917,10.054616240266963,1.1987502551091698
10.5,10.470458205064496,10.054616240266963,0.02954179493550413
3.8,3.859675132992468,10.054616240266963,0.05967513299246807
6.6,6.1304310254884395,10.054616240266963,0.4695689745115601
23.3,23.169532240578228,10.054616240266963,0.1304677594217729
18.2,18.534239196559923,10.054616240266963,0.33423919655992407
3.2,1.8352317275043362,10.054616240266963,1.364768272495664
9.1,9.774251692919506,10.054616240266963,0.6742516929195066
15.4,15.831363020700103,10.054616240266963,0.43136302070010224
22.0,21.701692105965236,10.054616240266963,0.2983078940347639
13.3,13.624907284744232,10.054616240266963,0.32490728474423136
17.6,17.56820531136294,10.054616240266963,0.03179468863705992
2.6,1.2077675256969886,10.054616240266963,1.3922324743030114
12.1,12.735908259167617,10.054616240266963,0.6359082591676177
13.6,14.244615399407106,10.054616240266963,0.6446153994071064
29.1,26.82086944857234,10.054616240266963,2.279130551427663
1.7,1.014461187111836,10.054616240266963,0.6855388128881639
3.8,4.052637387534979,10.054616240266963,0.2526373875349792
1.8,-0.6226761352975085,10.054616240266963,2.4226761352975084
17.2,17.561398809031907,10.054616240266963,0.3613988090319076
4.8,5.245439116435388,10.054616240266963,0.4454391164353879
23.6,22.63022700383483,10.054616240266963,0.9697729961651724
5.2,5.344928952282499,10.054616240266963,0.14492895228249925
13.8,15.76710965877902,10.054616240266963,1.9671096587790196
8.9,9.054719015200885,10.054616240266963,0.15471901520088416
3.9,3.7118065598864813,10.054616240266963,0.18819344011351857
8.1,8.001664213054239,10.054616240266963,0.09833578694576062
15.4,16.430446587989593,10.054616240266963,1.0304465879895925
4.5,4.2005983119590775,10.054616240266963,0.2994016880409225
6.0,5.697538373104908,10.054616240266963,0.3024616268950924
20.3,20.6188862403405,10.054616240266963,0.3188862403405004
2.4,1.1451389911585643,10.054616240266963,1.2548610088414356
6.3,6.279669149332006,10.054616240266963,0.020330850667994227
8.0,8.764121170246412,10.054616240266963,0.7641211702464119
8.3,8.729079159192073,10.054616240266963,0.4290791591920726
13.3,14.260112377916666,10.054616240266963,0.9601123779166656
7.8,8.541120373901801,10.054616240266963,0.7411203739018015
11.9,12.663176423423621,10.054616240266963,0.7631764234236211
2.2,0.09411877882424236,10.054616240266963,2.105881221175758
8.3,8.570829332324566,10.054616240266963,0.2708293323245652
10.0,9.858725140198272,10.054616240266963,0.14127485980172771
19.4,19.163541603116975,10.054616240266963,0.23645839688302317
1.1,2.86334109530502,10.054616240266963,1.76334109530502
11.4,12.07558005779617,10.054616240266963,0.6755800577961697
6.0,6.279203123915151,10.054616240266963,0.2792031239151509
6.1,7.113285091012641,10.054616240266963,1.0132850910126416
2.5,2.070310086667811,10.054616240266963,0.4296899133321892
7.5,12.296964149015308,10.054616240266963,4.796964149015308
4.9,5.376841659846545,10.054616240266963,0.4768416598465448
8.1,8.90660001840082,10.054616240266963,0.80660001840082
17.8,17.767267616238403,10.054616240266963,0.032732383761597816
8.5,8.981354367142453,10.054616240266963,0.48135436714245294
7.1,7.52913799010651,10.054616240266963,0.42913799010651044
4.9,4.801392622784592,10.054616240266963,0.09860737721540858
23.8,22.764348362959655,10.054616240266963,1.0356516370403455
0.3,-2.768486600843005,10.054616240266963,3.0684866008430047
5.0,5.114127514651704,10.054616240266963,0.11412751465170423
6.7,7.937544831361062,10.054616240266963,1.2375448313610615
4.1,3.568226122284252,10.054616240266963,0.5317738777157475
28.4,29.484366329762157,10.054616240266963,1.0843663297621582
25.6,24.58860119687395,10.054616240266963,1.0113988031260526
9.5,10.534826767646496,10.054616240266963,1.0348267676464964
2.9,2.195717032501002,10.054616240266963,0.7042829674989979
3.6,2.7497576039333618,10.054616240266963,0.8502423960666383
11.3,11.98593480928826,10.054616240266963,0.6859348092882591
10.9,11.836535694179315,10.054616240266963,0.9365356941793141
13.0,13.920036480957982,10.054616240266963,0.9200364809579824
21.0,21.394222898617073,10.054616240266963,0.39422289861707327
7.8,8.840429805088087,10.054616240266963,1.0404298050880874
8.4,10.146468100150184,10.054616240266963,1.7464681001501834
2.5,1.5279648796102219,10.054616240266963,0.9720351203897781
3.4,3.1135801648568364,10.054616240266963,0.2864198351431635
6.4,6.594513477382559,10.054616240266963,0.19451347738255897
8.2,9.51820274083095,10.054616240266963,1.3182027408309516
14.6,14.6497404948371,10.054616240266963,0.04974049483710097
3.0,1.9485438515471163,10.054616240266963,1.0514561484528837
14.9,14.791355928385038,10.054616240266963,0.10864407161496281
4.5,3.770450244200828,10.054616240266963,0.7295497557991721
18.9,18.945556661371114,10.054616240266963,0.04555666137111558
13.5,13.65099591960506,10.054616240266963,0.15099591960506054
5.9,6.0818689389327085,10.054616240266963,0.18186893893270817
28.0,26.022565059277106,10.054616240266963,1.977434940722894
21.9,21.029910044758854,10.054616240266963,0.870089955241145
22.1,22.07951238217977,10.054616240266963,0.020487617820229787
22.0,21.69538696517155,10.054616240266963,0.30461303482844926
3.4,3.352010159293468,10.054616240266963,0.04798984070653178
3.1,1.6258989559116852,10.054616240266963,1.4741010440883149
7.4,8.694140774666128,10.054616240266963,1.2941407746661273
5.2,4.089373899388111,10.054616240266963,1.1106261006118894
1.7,0.7025872123161072,10.054616240266963,0.9974127876838927
5.8,6.0559889036184495,10.054616240266963,0.2559889036184497
21.5,21.20985276058038,10.054616240266963,0.2901472394196212
4.3,4.253868483170785,10.054616240266963,0.0461315168292149
8.2,8.67165581022956,10.054616240266963,0.47165581022956005
11.8,12.659830191025003,10.054616240266963,0.8598301910250026
17.7,18.310219317921742,10.054616240266963,0.610219317921743
9.7,10.65213644245206,10.054616240266963,0.9521364424520602
11.5,13.16131751965392,10.054616240266963,1.6613175196539203
6.5,7.577918608275176,10.054616240266963,1.0779186082751764
12.6,14.102483712545752,10.054616240266963,1.502483712545752
16.5,17.004776316635066,10.054616240266963,0.5047763166350663
5.7,5.990721280453048,10.054616240266963,0.2907212804530479
31.2,28.576976570740257,10.054616240266963,2.6230234292597423
5.3,5.696563163722364,10.054616240266963,0.3965631637223641
9.0,9.733799720548344,10.054616240266963,0.733799720548344
13.4,14.18894244394479,10.054616240266963,0.788942443944789
35.4,31.30192448687217,10.054616240266963,4.098075513127828
4.5,4.601509836047985,10.054616240266963,0.10150983604798469
2.0,0.3900293974615625,10.054616240266963,1.6099706025384375
18.7,18.980355733777685,10.054616240266963,0.28035573377768586
1.2,0.23444210165694557,10.054616240266963,0.9655578983430544
5.1,5.298879844709687,10.054616240266963,0.19887984470968778
3.9,3.0237107075820546,10.054616240266963,0.8762892924179453
15.4,16.68097915846126,10.054616240266963,1.2809791584612586
3.3,2.4527653734964447,10.054616240266963,0.8472346265035551
6.7,7.117800718141896,10.054616240266963,0.4178007181418959
20.6,21.63218958261944,10.054616240266963,1.0321895826194378
26.6,25.72929061147383,10.054616240266963,0.8707093885261727
1.9,0.3192827406968899,10.054616240266963,1.58071725930311
23.1,22.69507114037563,10.054616240266963,0.40492885962436986
3.1,2.198543116624786,10.054616240266963,0.9014568833752139
7.2,7.605972842004611,10.054616240266963,0.40597284200461115
3.6,3.6159869390261283,10.054616240266963,0.015986939026128244
9.4,10.286713316432998,10.054616240266963,0.8867133164329974
3.7,3.6042705625875566,10.054616240266963,0.09572943741244355
5.1,4.5831297516221365,10.054616240266963,0.5168702483778631
11.2,12.144614090445941,10.054616240266963,0.9446140904459419
13.0,12.67108508560563,10.054616240266963,0.32891491439436926
3.8,4.148037665290666,10.054616240266963,0.3480376652906658
7.4,6.987507271874337,10.054616240266963,0.4124927281256632
10.2,11.299545458450401,10.054616240266963,1.099545458450402
14.3,14.814219890277798,10.054616240266963,0.514219890277797
10.9,11.771547684337097,10.054616240266963,0.8715476843370968
11.7,12.511185061034517,10.054616240266963,0.8111850610345179
2.9,3.2117719598487238,10.054616240266963,0.31177195984872386
19.9,18.92208684399817,10.054616240266963,0.9779131560018293
11.8,12.765806343098316,10.054616240266963,0.9658063430983148
3.6,3.64017832462494,10.054616240266963,0.040178324624939865
2.2,1.074624972650854,10.054616240266963,1.125375027349146
7.6,8.4920098936641,10.054616240266963,0.8920098936641008
12.3,13.07589375661729,10.054616240266963,0.7758937566172897
7.1,7.255037019283088,10.054616240266963,0.1550370192830881
5.1,4.873370639574702,10.054616240266963,0.22662936042529758
11.2,12.5727497830105,10.054616240266963,1.3727497830105015
1.2,-0.6291012794911204,10.054616240266963,1.8291012794911203
19.5,19.737395816603065,10.054616240266963,0.2373958166030654
18.0,18.259991299071633,10.054616240266963,0.25999129907163265
24.4,23.443851356010068,10.054616240266963,0.9561486439899305
9.9,10.866011192840842,10.054616240266963,0.9660111928408419
2.2,0.9719417506521584,10.054616240266963,1.2280582493478418
2.2,0.4634130610658467,10.054616240266963,1.7365869389341535
4.1,3.688635775269158,10.054616240266963,0.4113642247308418
14.7,15.284852410153556,10.054616240266963,0.584852410153557
14.2,15.19143805235787,10.054616240266963,0.9914380523578714
10.7,11.245800069200904,10.054616240266963,0.5458000692009044
14.8,14.84507831128289,10.054616240266963,0.045078311282889416
14.7,15.430714693571035,10.054616240266963,0.730714693571036
13.8,13.96673975330761,10.054616240266963,0.16673975330760982
3.5,2.873463873571593,10.054616240266963,0.6265361264284071
17.0,17.95896903395606,10.054616240266963,0.958969033956059
19.7,19.09466505484808,10.054616240266963,0.6053349451519203
6.3,6.875661100421245,10.054616240266963,0.5756611004212449
4.1,5.121270914841625,10.054616240266963,1.021270914841625
3.8,3.8714806887464395,10.054616240266963,0.07148068874643965
21.5,20.595422425378743,10.054616240266963,0.904577574621257
5.1,6.944243286905408,10.054616240266963,1.8442432869054084
1.8,0.023270148619415565,10.054616240266963,1.7767298513805845
4.6,4.830318051175345,10.054616240266963,0.23031805117534532
14.3,15.138637363003099,10.054616240266963,0.8386373630030981
8.0,8.652663064298757,10.054616240266963,0.652663064298757
9.1,9.711026303836947,10.054616240266963,0.6110263038369474
3.9,3.2634263720839654,10.054616240266963,0.6365736279160346
4.3,3.297390970079559,10.054616240266963,1.0026090299204409
2.8,3.048120099266116,10.054616240266963,0.24812009926611633
9.9,10.963098105528545,10.054616240266963,1.0630981055285442
20.4,19.851215007565738,10.054616240266963,0.5487849924342605
7.9,8.313578430830711,10.054616240266963,0.4135784308307109
7.3,7.464923229946025,10.054616240266963,0.16492322994602482
12.1,12.103335660051231,10.054616240266963,0.003335660051231315
15.7,17.065225315970462,10.054616240266963,1.3652253159704628
5.4,5.689702327670695,10.054616240266963,0.28970232767069426
4.4,4.18650424788712,10.054616240266963,0.2134957521128804
8.4,9.790873725581134,10.054616240266963,1.3908737255811339
19.7,19.174751520660323,10.054616240266963,0.5252484793396768
15.8,16.00671384926538,10.054616240266963,0.2067138492653804
15.3,15.647606869378789,10.054616240266963,0.3476068693787884
14.4,14.533985561658062,10.054616240266963,0.13398556165806141
6.1,6.329570517307855,10.054616240266963,0.22957051730785505
19.5,19.012658674339058,10.054616240266963,0.48734132566094246
8.2,7.85073838667058,10.054616240266963,0.3492616133294195
10.1,10.413133159165339,10.054616240266963,0.31313315916533924
10.4,11.38224107708046,10.054616240266963,0.9822410770804595
6.2,5.790279218290156,10.054616240266963,0.4097207817098445
3.6,5.628995221771656,10.054616240266963,2.028995221771656
8.6,9.58581785583662,10.054616240266963,0.9858178558366202
17.5,17.50553126768682,10.054616240266963,0.005531267686819774
10.6,12.015494317012655,10.054616240266963,1.415494317012655
24.1,23.406942131921536,10.054616240266963,0.6930578680784656
12.0,13.651430553617274,10.054616240266963,1.6514305536172742
8.5,8.932541011925275,10.054616240266963,0.4325410119252755
17.7,18.220225264531734,10.054616240266963,0.5202252645317351
2.8,1.8788991378770312,10.054616240266963,0.9211008621229686
4.3,5.11097078227031,10.054616240266963,0.81097078227031
14.3,14.560779662276811,10.054616240266963,0.2607796622768106
8.8,10.535370501340106,10.054616240266963,1.735370501340105
6.3,6.269093911916965,10.054616240266963,0.030906088083034966
9.1,9.10631362734137,10.054616240266963,0.00631362734137042
6.7,7.166278326816804,10.054616240266963,0.4662783268168038
20.0,19.934092698123965,10.054616240266963,0.06590730187603455
13.2,12.507066798021715,10.054616240266963,0.6929332019782848
1.6,-0.10108411537833284,10.054616240266963,1.701084115378333
9.5,10.184983894560652,10.054616240266963,0.6849838945606521
5.4,4.890412974453171,10.054616240266963,0.5095870255468293
7.0,7.539697423879617,10.054616240266963,0.539697423879617
9.8,10.648359213976454,10.054616240266963,0.8483592139764529
50.7,41.212608048865874,10.054616240266963,9.487391951134128
13.0,13.820755067161663,10.054616240266963,0.820755067161663
19.8,20.372360112075825,10.054616240266963,0.5723601120758239
10.0,10.862944823459326,10.054616240266963,0.8629448234593262
28.7,26.96363369719447,10.054616240266963,1.7363663028055285
0.7,-1.6753735585285874,10.054616240266963,2.3753735585285876
7.5,8.233089439158018,10.054616240266963,0.733089439158018
2.7,0.8474555497309861,10.054616240266963,1.852544450269014
3.7,2.094876213722788,10.054616240266963,1.605123786277212
12.4,14.04252586378546,10.054616240266963,1.64252586378546
25.4,23.91480152590339,10.054616240266963,1.4851984740966095
13.7,13.308718568533976,10.054616240266963,0.3912814314660231
3.2,2.6494055618739063,10.054616240266963,0.5505944381260939
18.3,18.447462874723904,10.054616240266963,0.14746287472390307
8.1,9.166460376192518,10.054616240266963,1.0664603761925182
6.0,6.247942876356982,10.054616240266963,0.24794287635698176
6.9,7.841321153949838,10.054616240266963,0.9413211539498381
8.7,9.80022169599783,10.054616240266963,1.1002216959978313
13.7,14.488806129448104,10.054616240266963,0.7888061294481048
10.2,11.156715429761913,10.054616240266963,0.956715429761914
4.0,3.9029725337995558,10.054616240266963,0.09702746620044422
19.6,19.768292864654295,10.054616240266963,0.16829286465429405
21.4,21.59981463062143,10.054616240266963,0.19981463062143234
19.4,19.519681349756382,10.054616240266963,0.11968134975638378
7.0,7.71033642422918,10.054616240266963,0.7103364242291796
1.0,1.6211548322839455,10.054616240266963,0.6211548322839455
5.7,5.969508444449737,10.054616240266963,0.26950844444973665
24.8,23.813103433408934,10.054616240266963,0.9868965665910672
25.2,23.959983149488515,10.054616240266963,1.2400168505114841
4.0,3.963348347522775,10.054616240266963,0.03665165247722513
13.7,15.14735413562992,10.054616240266963,1.4473541356299204
9.9,10.420231084795539,10.054616240266963,0.5202310847955385
15.2,15.55414971056856,10.054616240266963,0.35414971056856004
9.1,9.891686729513102,10.054616240266963,0.7916867295131027
5.9,5.41871842689855,10.054616240266963,0.4812815731014499
48.2,39.33642697419732,10.054616240266963,8.86357302580268
22.5,20.514172804629684,10.054616240266963,1.985827195370316
14.5,14.918954745105765,10.054616240266963,0.4189547451057649
10.5,11.217990953362225,10.054616240266963,0.7179909533622251
1.8,0.24556312988831586,10.054616240266963,1.5544368701116842
9.0,9.831514987907092,10.054616240266963,0.8315149879070916
12.7,13.074606852485795,10.054616240266963,0.3746068524857957
26.9,25.262018326596646,10.054616240266963,1.6379816734033525
19.4,19.661987094094002,10.054616240266963,0.2619870940940032
12.7,13.72247558858784,10.054616240266963,1.0224755885878398
20.3,20.423943557519145,10.054616240266963,0.12394355751914432
13.7,14.64535708525193,10.054616240266963,0.9453570852519313
3.2,2.5554716112425746,10.054616240266963,0.6445283887574256
6.0,5.654077482203571,10.054616240266963,0.3459225177964287
27.0,25.767849574239687,10.054616240266963,1.232150425760313
34.0,30.485866593883905,10.054616240266963,3.5141334061160947
2.1,0.7300190152536832,10.054616240266963,1.369980984746317
9.3,10.789582875742099,10.054616240266963,1.489582875742098
3.8,3.6303908311404687,10.054616240266963,0.16960916885953115
19.7,19.538323387310754,10.054616240266963,0.16167661268924505
6.6,6.946088759163603,10.054616240266963,0.34608875916360304
7.0,7.389325985256118,10.054616240266963,0.38932598525611795
1.4,-0.9028230793696892,10.054616240266963,2.302823079369689
9.9,11.371922601638,10.054616240266963,1.4719226016379992
9.0,9.851762795584625,10.054616240266963,0.8517627955846248
10.7,11.337048407558827,10.054616240266963,0.6370484075588276
13.3,13.985763852404862,10.054616240266963,0.685763852404861
6.4,6.261719571409286,10.054616240266963,0.138280428590714
1.4,0.07569529364706717,10.054616240266963,1.3243047063529327
6.9,7.811301145087301,10.054616240266963,0.9113011450873003
3.3,4.98010762323207,10.054616240266963,1.68010762323207
21.0,21.022546576728843,10.054616240266963,0.022546576728842638
0.5,-1.7269459465322559,10.054616240266963,2.226945946532256
12.0,12.863910579692877,10.054616240266963,0.8639105796928774
29.5,27.579678687005917,10.054616240266963,1.9203213129940835
10.9,11.47420990420727,10.054616240266963,0.5742099042072688
17.7,17.82365947118672,10.054616240266963,0.12365947118671983
4.1,4.352726545331437,10.054616240266963,0.2527265453314378
5.9,6.536236562913501,10.054616240266963,0.636236562913501
9.9,10.381306511298824,10.054616240266963,0.48130651129882374
9.2,8.87255789291929,10.054616240266963,0.3274421070807101
5.8,4.484895352498198,10.054616240266963,1.3151046475018022
6.0,6.185493611253268,10.054616240266963,0.1854936112532677
4.4,4.503484744597916,10.054616240266963,0.10348474459791568
9.9,11.315376291828736,10.054616240266963,1.4153762918287356
3.4,3.2804460662726127,10.054616240266963,0.11955393372738721
11.0,10.508232680819326,10.054616240266963,0.4917673191806742
14.2,15.610787709093525,10.054616240266963,1.4107877090935261
10.3,11.729677934771502,10.054616240266963,1.429677934771501
3.7,2.708920114914517,10.054616240266963,0.9910798850854832
14.6,15.360632000261543,10.054616240266963,0.760632000261543
29.1,27.419251930973495,10.054616240266963,1.6807480690265066
0.5,-1.442226908182075,10.054616240266963,1.942226908182075
2.6,0.7181627432031839,10.054616240266963,1.8818372567968162
7.9,8.666722713003782,10.054616240266963,0.7667227130037819
7.0,7.660279286687053,10.054616240266963,0.6602792866870528
9.4,10.262016540904604,10.054616240266963,0.8620165409046034
11.0,12.808993299871984,10.054616240266963,1.8089932998719842
17.1,17.043982997927742,10.054616240266963,0.05601700207225946
7.0,6.968089722316334,10.054616240266963,0.031910277683666166
3.5,2.5521251551290174,10.054616240266963,0.9478748448709826
8.7,9.976364204142781,10.054616240266963,1.2763642041427818
5.5,6.587270239996479,10.054616240266963,1.0872702399964789
26.0,25.03913809130166,10.054616240266963,0.960861908698341
9.0,10.033470209378018,10.054616240266963,1.0334702093780184
10.7,11.703339503314638,10.054616240266963,1.0033395033146384
2.5,2.9884413775392105,10.054616240266963,0.48844137753921046
13.4,14.308624884758071,10.054616240266963,0.9086248847580709
10.0,9.916241355178524,10.054616240266963,0.08375864482147577
5.0,4.7655218999471955,10.054616240266963,0.23447810005280445
15.8,16.398854334652434,10.054616240266963,0.5988543346524331
22.9,22.02321393283043,10.054616240266963,0.8767860671695686
1.2,-1.809116167567728,10.054616240266963,3.0091161675677283
4.1,4.904093730994509,10.054616240266963,0.8040937309945093
14.4,14.016299675682374,10.054616240266963,0.38370032431762624
12.5,13.47964453963754,10.054616240266963,0.9796445396375404
17.1,17.470756224249527,10.054616240266963,0.3707562242495257
12.8,15.154664937368324,10.054616240266963,2.354664937368323
3.5,2.9547620726632946,10.054616240266963,0.5452379273367054
7.4,8.25718668775115,10.054616240266963,0.8571866877511489
0.5,-1.0531642050203143,10.054616240266963,1.5531642050203143
11.9,12.155397342512554,10.054616240266963,0.25539734251255375
27.6,25.997828238634277,10.054616240266963,1.6021717613657245
10.0,11.389755966917505,10.054616240266963,1.3897559669175052
21.1,21.117496798610947,10.054616240266963,0.017496798610945774
4.4,4.646561842377457,10.054616240266963,0.24656184237745649
7.1,7.124905581901974,10.054616240266963,0.024905581901974116
5.3,4.678788638101587,10.054616240266963,0.6212113618984132
2.6,1.5037328009807975,10.054616240266963,1.0962671990192026
0.8,-0.3920153773211492,10.054616240266963,1.1920153773211493
14.6,16.145369619946713,10.054616240266963,1.5453696199467135
2.1,0.6533083163335416,10.054616240266963,1.4466916836664585
11.7,12.760797165649052,10.054616240266963,1.0607971656490527
23.7,23.69141064746807,10.054616240266963,0.00858935253192783
4.0,4.285569722864915,10.054616240266963,0.2855697228649152
7.6,7.97629180180485,10.054616240266963,0.3762918018048502
1.3,0.33633427439376007,10.054616240266963,0.96366572560624
5.4,4.995586568476698,10.054616240266963,0.40441343152330234
15.5,15.950793331827297,10.054616240266963,0.4507933318272972
4.4,3.604127368737954,10.054616240266963,0.7958726312620463
7.3,8.309632249121563,10.054616240266963,1.0096322491215632
7.4,7.8306467665543185,10.054616240266963,0.4306467665543181
20.5,19.277249109594596,10.054616240266963,1.222750890405404
11.9,13.927213473956865,10.054616240266963,2.0272134739568646
10.1,11.220532936192686,10.054616240266963,1.1205329361926868
2.5,0.5998204690787166,10.054616240266963,1.9001795309212834
15.9,17.030883838084385,10.054616240266963,1.1308838380843849
13.3,14.04716194050118,10.054616240266963,0.7471619405011793
17.6,17.85130377380081,10.054616240266963,0.25130377380081015
2.2,0.3452801715785174,10.054616240266963,1.8547198284214828
6.0,6.0547257320178645,10.054616240266963,0.05472573201786446
13.8,14.699822837053148,10.054616240266963,0.8998228370531471
3.7,2.8929737409594853,10.054616240266963,0.8070262590405148
13.0,14.07841762609629,10.054616240266963,1.0784176260962894
3.5,2.820429431601191,10.054616240266963,0.6795705683988089
15.7,16.116763783521275,10.054616240266963,0.41676378352127585
20.9,20.56058641239933,10.054616240266963,0.3394135876006672
19.1,19.508657783754188,10.054616240266963,0.4086577837541867
2.7,0.8269101218684352,10.054616240266963,1.873089878131565
23.1,22.347249411256904,10.054616240266963,0.7527505887430976
22.1,22.133396840956713,10.054616240266963,0.033396840956712026
4.8,4.703974237316189,10.054616240266963,0.09602576268381124
2.7,1.1048715663434194,10.054616240266963,1.5951284336565807
3.0,1.3551890271682083,10.054616240266963,1.6448109728317917
18.3,18.6929986487741,10.054616240266963,0.39299864877409973
0.6,0.311041818731951,10.054616240266963,0.28895818126804895
23.9,23.24571737727468,10.054616240266963,0.6542826227253187
5.6,6.008620949683681,10.054616240266963,0.408620949683681
2.0,-0.24933124952535124,10.054616240266963,2.2493312495253512
7.1,7.404586306362385,10.054616240266963,0.3045863063623857
16.8,17.259498606462305,10.054616240266963,0.45949860646230434
9.9,11.360656725656325,10.054616240266963,1.4606567256563245
12.5,13.468448425620764,10.054616240266963,0.9684484256207639
10.4,9.823471710355898,10.054616240266963,0.5765282896441022
6.5,7.108381965904128,10.054616240266963,0.6083819659041279
7.2,7.056324782127273,10.054616240266963,0.14367521787272697
8.7,9.490982965928078,10.054616240266963,0.7909829659280785
4.1,4.025300249363707,10.054616240266963,0.07469975063629253
18.9,19.78321577162194,10.054616240266963,0.8832157716219413
31.5,28.592523356539385,10.054616240266963,2.9074766434606154
20.0,20.13343592920312,10.054616240266963,0.1334359292031202
39.2,34.20715250286321,10.054616240266963,4.992847497136793
10.5,11.871003694107255,10.054616240266963,1.3710036941072552
9.8,10.492347552870008,10.054616240266963,0.6923475528700074
4.6,4.298490331265084,10.054616240266963,0.3015096687349157
1.2,-0.8530828803961761,10.054616240266963,2.0530828803961763
1.8,0.747137881070703,10.054616240266963,1.052862118929297
4.6,4.358709490384353,10.054616240266963,0.2412905096156468
3.2,2.5988910962673355,10.054616240266963,0.6011089037326647
25.6,23.729034951389593,10.054616240266963,1.8709650486104081
6.9,8.408018939683366,10.054616240266963,1.5080189396833656
6.0,6.373837083369478,10.054616240266963,0.3738370833694784
7.8,8.160458811956417,10.054616240266963,0.36045881195641716
9.2,9.590132602382146,10.054616240266963,0.3901326023821472
6.2,6.771135170570414,10.054616240266963,0.5711351705704137
30.8,27.68148275205421,10.054616240266963,3.118517247945789
14.6,15.071791519591919,10.054616240266963,0.47179151959191934
6.9,8.101163784774355,10.054616240266963,1.201163784774355
4.6,4.743671705142612,10.054616240266963,0.14367170514261218
13.3,14.488491771344009,10.054616240266963,1.1884917713440082
14.8,15.779484637319902,10.054616240266963,0.9794846373199011
1.3,-0.08417348555892268,10.054616240266963,1.3841734855589227
8.3,9.176726009990187,10.054616240266963,0.8767260099901861
14.4,14.21264762453438,10.054616240266963,0.1873523754656201
3.8,3.1597295112931203,10.054616240266963,0.6402704887068795
2.4,1.1102343869429951,10.054616240266963,1.2897656130570048
6.6,6.944857053753473,10.054616240266963,0.344857053753473
22.9,22.061633124549676,10.054616240266963,0.8383668754503226
9.7,11.555403593277147,10.054616240266963,1.8554035932771473
2.4,1.5681376502649123,10.054616240266963,0.8318623497350877
45.2,37.476568071040475,10.054616240266963,7.723431928959528
3.9,4.394505885366439,10.054616240266963,0.49450588536643947
4.2,4.568171925307769,10.054616240266963,0.36817192530776843
9.2,9.983002226965484,10.054616240266963,0.7830022269654844
15.3,15.893606871627403,10.054616240266963,0.5936068716274026
2.2,1.0382877177580259,10.054616240266963,1.1617122822419743
24.1,23.76089069695371,10.054616240266963,0.3391093030462926
0.6,-1.8413592353585848,10.054616240266963,2.441359235358585
5.2,5.306456377473093,10.054616240266963,0.10645637747309245
7.9,8.51175918070899,10.054616240266963,0.6117591807089902
3.3,2.6513383033617677,10.054616240266963,0.6486616966382321
17.2,17.821660260035138,10.054616240266963,0.6216602600351386
37.6,32.64450969884531,10.054616240266963,4.95549030115469
5.4,4.910339140679861,10.054616240266963,0.48966085932013925
5.5,5.803284783802214,10.054616240266963,0.3032847838022139
14.5,14.956524398034762,10.054616240266963,0.4565243980347624
5.3,6.457053032284092,10.054616240266963,1.1570530322840922
5.2,5.241662467644947,10.054616240266963,0.04166246764494641
20.0,20.097004717269172,10.054616240266963,0.09700471726917215
8.0,9.409570407175323,10.054616240266963,1.4095704071753232
15.4,16.34866978099583,10.054616240266963,0.9486697809958304
4.7,4.835940455059927,10.054616240266963,0.13594045505992725
4.1,2.5436139175368186,10.054616240266963,1.556386082463181
14.1,14.610567698892595,10.054616240266963,0.5105676988925953
3.8,3.474256751059988,10.054616240266963,0.32574324894001183
2.5,1.2834973930371252,10.054616240266963,1.2165026069628748
7.0,6.864923849884409,10.054616240266963,0.13507615011559082
10.3,10.660174167191366,10.054616240266963,0.3601741671913654
2.6,1.9494362529773852,10.054616240266963,0.6505637470226149
17.2,18.117142117047813,10.054616240266963,0.9171421170478133
15.3,15.679383972787246,10.054616240266963,0.3793839727872452
2.3,0.8040455005439746,10.054616240266963,1.4959544994560252
6.6,5.797137699247709,10.054616240266963,0.8028623007522908
9.6,10.44849218434999,10.054616240266963,0.8484921843499897
6.8,7.690253395918255,10.054616240266963,0.890253395918255
9.3,9.645702550239584,10.054616240266963,0.34570255023958296
15.5,16.028250244764013,10.054616240266963,0.5282502447640134
16.0,15.983907326277805,10.054616240266963,0.016092673722194917
17.7,17.190660281351718,10.054616240266963,0.5093397186482811
2.3,0.8186511718846159,10.054616240266963,1.481348828115384
2.8,1.5674868773395332,10.054616240266963,1.2325131226604666
14.4,15.252896885502228,10.054616240266963,0.8528968855022274
10.0,11.076460982768781,10.054616240266963,1.076460982768781
17.9,18.31537136181163,10.054616240266963,0.4153713618116299
8.7,9.494525941794517,10.054616240266963,0.7945259417945181
15.8,16.61783170304786,10.054616240266963,0.8178317030478581
7.0,7.876885953440084,10.054616240266963,0.8768859534400839
5.0,5.666030708975197,10.054616240266963,0.6660307089751969
2.3,1.7590830597771756,10.054616240266963,0.5409169402228242
14.0,14.829598913366773,10.054616240266963,0.8295989133667732
3.6,3.1463502098427734,10.054616240266963,0.45364979015722673
13.3,13.868719283625165,10.054616240266963,0.568719283625164
9.0,10.13473948957226,10.054616240266963,1.1347394895722598
17.5,17.615675404564264,10.054616240266963,0.11567540456426428
7.2,7.872921954968489,10.054616240266963,0.6729219549684888
8.4,9.172657152549803,10.054616240266963,0.7726571525498027
3.6,2.332606244155227,10.054616240266963,1.2673937558447732
2.3,2.4623844274017372,10.054616240266963,0.16238442740173742
13.0,14.135475360565955,10.054616240266963,1.1354753605659553
15.1,16.1633879372095,10.054616240266963,1.0633879372094999
14.4,14.540415616874542,10.054616240266963,0.14041561687454163
8.6,9.724222509395737,10.054616240266963,1.1242225093957376
4.5,4.291299604283697,10.054616240266963,0.20870039571630272
12.0,12.353639545246798,10.054616240266963,0.3536395452467982
4.7,4.028471882847993,10.054616240266963,0.6715281171520076
17.8,18.309026478704084,10.054616240266963,0.509026478704083
12.5,13.774485612545925,10.054616240266963,1.2744856125459254
3.9,3.4634123063192117,10.054616240266963,0.4365876936807882
4.0,3.206653790782817,10.054616240266963,0.7933462092171828
1.1,-1.7908083987029446,10.054616240266963,2.8908083987029447
2.2,0.4216696019258368,10.054616240266963,1.7783303980741634
24.5,22.885447126929442,10.054616240266963,1.6145528730705578
8.6,9.180497943339084,10.054616240266963,0.5804979433390844
24.7,23.742232765096354,10.054616240266963,0.9577672349036455
14.3,13.401483698337461,10.054616240266963,0.8985163016625393
11.2,12.011000789166808,10.054616240266963,0.8110007891668083
21.2,20.728996646932686,10.054616240266963,0.47100335306731367
12.6,12.448982935307825,10.054616240266963,0.15101706469217469
3.0,1.6823828598707813,10.054616240266963,1.3176171401292187
6.6,6.971029517664285,10.054616240266963,0.3710295176642857
2.3,2.040859537791377,10.054616240266963,0.25914046220862286
14.4,14.8554298482793,10.054616240266963,0.4554298482792998
23.5,22.366316917903298,10.054616240266963,1.1336830820967023
8.3,9.886701257014964,10.054616240266963,1.5867012570149637
5.2,5.4140640627371335,10.054616240266963,0.2140640627371333
30.7,27.7776872374875,10.054616240266963,2.922312762512501
14.1,14.578004190236355,10.054616240266963,0.478004190236355
1.7,-0.3091395016265768,10.054616240266963,2.009139501626577
9.3,9.521777619388502,10.054616240266963,0.22177761938850082
2.5,1.661880966590017,10.054616240266963,0.8381190334099831
7.6,8.215593236154753,10.054616240266963,0.6155932361547531
12.1,12.958372676142709,10.054616240266963,0.8583726761427091
13.1,14.87469825698905,10.054616240266963,1.7746982569890495
3.4,2.920423225890871,10.054616240266963,0.479576774109129
9.6,10.296439434506429,10.054616240266963,0.6964394345064289
10.6,12.508996945558923,10.054616240266963,1.9089969455589237
21.1,19.756221654253316,10.054616240266963,1.343778345746685
10.7,10.607162124605136,10.054616240266963,0.09283787539486354
3.4,2.186953159210809,10.054616240266963,1.213046840789191
21.0,20.752264877058966,10.054616240266963,0.24773512294103384
4.4,3.737633056497133,10.054616240266963,0.6623669435028674
12.6,12.403869132512753,10.054616240266963,0.19613086748724662
4.2,2.813058936463639,10.054616240266963,1.3869410635363613
9.0,9.179580617202143,10.054616240266963,0.17958061720214324
6.0,6.7260193528742445,10.054616240266963,0.7260193528742445
5.5,4.924745229393858,10.054616240266963,0.5752547706061417
10.7,12.418457223491957,10.054616240266963,1.7184572234919582
12.6,13.464023475037656,10.054616240266963,0.8640234750376568
7.1,7.66550973821876,10.054616240266963,0.5655097382187604
5.8,6.248141367240702,10.054616240266963,0.4481413672407024
3.3,2.4004628262135714,10.054616240266963,0.8995371737864284
3.1,2.2675131491318634,10.054616240266963,0.8324868508681367
8.0,8.624211781717863,10.054616240266963,0.6242117817178627
2.4,2.7405980947997737,10.054616240266963,0.34059809479977377
11.5,12.426913676165057,10.054616240266963,0.9269136761650572
36.4,32.47049282397348,10.054616240266963,3.9295071760265188
2.1,0.09770468318353842,10.054616240266963,2.0022953168164617
4.8,4.443144567709623,10.054616240266963,0.3568554322903772
18.7,19.10222333398753,10.054616240266963,0.4022233339875321
3.0,2.4868486547890036,10.054616240266963,0.5131513452109964
10.9,11.873991583034629,10.054616240266963,0.9739915830346284
26.6,25.3011510340928,10.054616240266963,1.298848965907201
2.9,2.294411885268972,10.054616240266963,0.6055881147310278
4.2,4.371448184597653,10.054616240266963,0.17144818459765254
7.4,8.69080063443575,10.054616240266963,1.2908006344357492
16.3,17.20330596174227,10.054616240266963,0.9033059617422694
6.8,7.9571402088701495,10.054616240266963,1.1571402088701497
44.5,37.02841113231948,10.054616240266963,7.4715888676805235
2.0,1.657501685512763,10.054616240266963,0.3424983144872371
6.7,7.120591556559269,10.054616240266963,0.42059155655926883
4.4,3.5291368956534717,10.054616240266963,0.8708631043465287
7.8,8.43060802713615,10.054616240266963,0.6306080271361507
8.5,9.57993631450685,10.054616240266963,1.0799363145068508
7.3,8.279079087178363,10.054616240266963,0.9790790871783637
17.9,18.373919010824757,10.054616240266963,0.4739190108247584
6.7,7.919456654790925,10.054616240266963,1.2194566547909247
2.5,1.0155669094469353,10.054616240266963,1.4844330905530647
4.7,4.621487176664271,10.054616240266963,0.07851282333572929
10.0,11.11673430982873,10.054616240266963,1.1167343098287308
7.3,7.51520397101463,10.054616240266963,0.2152039710146303
35.8,32.10858531496034,10.054616240266963,3.6914146850396605
3.9,2.5907624638768247,10.054616240266963,1.3092375361231752
6.2,7.201379007713194,10.054616240266963,1.0013790077131937
3.6,3.5550266913150708,10.054616240266963,0.044973308684929325
5.3,4.318760215134015,10.054616240266963,0.9812397848659851
4.4,4.242981877897085,10.054616240266963,0.15701812210291521
2.8,2.095567199589178,10.054616240266963,0.7044328004108218
9.0,9.860299737202295,10.054616240266963,0.8602997372022951
24.5,23.70041332243986,10.054616240266963,0.7995866775601392
5.1,5.117663871532809,10.054616240266963,0.01766387153280924
3.6,3.652323815723692,10.054616240266963,0.052323815723692046
8.5,9.765378822935213,10.054616240266963,1.2653788229352134
3.1,3.3153521627658638,10.054616240266963,0.21535216276586366
3.4,2.9489516737474233,10.054616240266963,0.4510483262525766
10.0,11.215026655823973,10.054616240266963,1.2150266558239728
4.8,4.783045043874501,10.054616240266963,0.01695495612549891
6.1,5.164512607690576,10.054616240266963,0.9354873923094233
10.8,11.781618692023402,10.054616240266963,0.9816186920234014
7.9,8.713167480012498,10.054616240266963,0.8131674800124973
15.6,16.239221300206196,10.054616240266963,0.6392213002061968
3.3,3.112154647110085,10.054616240266963,0.18784535288991488
3.0,2.8016680900956015,10.054616240266963,0.19833190990439853
8.0,8.6140174437603,10.054616240266963,0.6140174437603001
7.3,8.362202749133225,10.054616240266963,1.0622027491332249
22.8,22.210218190204976,10.054616240266963,0.5897818097950243
5.0,5.011183066326875,10.054616240266963,0.011183066326874602
0.8,-0.8403791031508003,10.054616240266963,1.6403791031508004
2.0,1.0752501911787142,10.054616240266963,0.9247498088212858
7.9,8.744486994668172,10.054616240266963,0.8444869946681717
16.3,17.081755521643863,10.054616240266963,0.7817555216438627
3.6,2.250716234754919,10.054616240266963,1.3492837652450809
4.3,3.6658465610423754,10.054616240266963,0.6341534389576244
7.4,7.342055093827299,10.054616240266963,0.057944906172701316
3.1,2.4034613339414834,10.054616240266963,0.6965386660585167
16.5,16.433067015504353,10.054616240266963,0.06693298449564722
10.1,11.466009936986548,10.054616240266963,1.3660099369865488
8.5,8.860143376792964,10.054616240266963,0.3601433767929638
6.1,6.3357643321688535,10.054616240266963,0.23576433216885384
2.4,1.7797703875952315,10.054616240266963,0.6202296124047684
4.9,5.945493784385665,10.054616240266963,1.0454937843856644
2.0,0.7772406235947695,10.054616240266963,1.2227593764052305
2.0,1.3494112252433563,10.054616240266963,0.6505887747566437
2.3,1.3808583668982877,10.054616240266963,0.9191416331017122
12.6,14.153227219914182,10.054616240266963,1.5532272199141826
7.2,8.178258186202317,10.054616240266963,0.978258186202317
6.7,7.385849401002831,10.054616240266963,0.6858494010028311
6.0,6.750783383660327,10.054616240266963,0.7507833836603268
10.5,10.866893890051625,10.054616240266963,0.36689389005162454
6.7,8.458826827770265,10.054616240266963,1.7588268277702648
17.8,18.284406636043947,10.054616240266963,0.4844066360439463
4.9,5.173627973002535,10.054616240266963,0.27362797300253483
6.8,7.206853133454134,10.054616240266963,0.4068531334541339
9.4,10.543405111756915,10.054616240266963,1.1434051117569144
3.6,1.977917910498526,10.054616240266963,1.622082089501474
1.4,-0.6648360108504967,10.054616240266963,2.0648360108504966
12.9,13.696796381433622,10.054616240266963,0.7967963814336212
7.6,8.249038098276184,10.054616240266963,0.6490380982761845
8.1,7.965126766876211,10.054616240266963,0.13487323312378852
26.5,25.080952149936454,10.054616240266963,1.4190478500635457
10.2,11.075491668036493,10.054616240266963,0.8754916680364939
2.6,1.0345138456891814,10.054616240266963,1.5654861543108187
3.1,2.9916194375069756,10.054616240266963,0.10838056249302452
11.6,12.552055758648983,10.054616240266963,0.9520557586489833
4.5,3.9823443364072464,10.054616240266963,0.5176556635927536
7.5,8.461244478012743,10.054616240266963,0.9612444780127429
1.4,1.2155776901572644,10.054616240266963,0.18442230984273555
22.0,22.05256415074342,10.054616240266963,0.05256415074342158
25.8,24.6544242413626,10.054616240266963,1.1455757586373991
19.1,20.18586363414316,10.054616240266963,1.0858636341431591
4.0,3.6488146371136043,10.054616240266963,0.3511853628863957
9.5,10.960165058457939,10.054616240266963,1.4601650584579389
23.4,22.920098965307588,10.054616240266963,0.47990103469241063
12.9,13.511756988998316,10.054616240266963,0.6117569889983159
4.0,4.106063603514457,10.054616240266963,0.10606360351445687
17.3,17.2084537307353,10.054616240266963,0.09154626926470044
3.1,2.385031525371569,10.054616240266963,0.714968474628431
5.6,5.883800937431347,10.054616240266963,0.28380093743134704
14.5,15.119976629643299,10.054616240266963,0.6199766296432987
5.9,6.954284662442018,10.054616240266963,1.0542846624420177
5.2,5.087351636006808,10.054616240266963,0.11264836399319211
12.4,13.885858989176096,10.054616240266963,1.485858989176096
6.2,6.414371595542454,10.054616240266963,0.21437159554245344
5.4,5.434348969079878,10.054616240266963,0.03434896907987728
6.9,7.357177767001349,10.054616240266963,0.4571777670013484
5.7,5.198099967329652,10.054616240266963,0.5019000326703482
4.6,4.564876575054484,10.054616240266963,0.03512342494551568
15.9,16.33385804105646,10.054616240266963,0.43385804105645853
26.7,25.159658012851303,10.054616240266963,1.5403419871486967
6.5,6.763735291817095,10.054616240266963,0.26373529181709543
17.3,17.478567813074918,10.054616240266963,0.17856781307491687
8.4,9.884161207027873,10.054616240266963,1.4841612070278725
3.3,2.201665148800674,10.054616240266963,1.0983348511993256
3.5,4.0192256225003495,10.054616240266963,0.5192256225003495
18.8,19.163867146234768,10.054616240266963,0.36386714623476735
10.9,11.120500624719172,10.054616240266963,0.22050062471917187
8.7,9.406486323726597,10.054616240266963,0.7064863237265975
6.1,6.066879737896805,10.054616240266963,0.03312026210319452
11.6,12.145665579695802,10.054616240266963,0.5456655796958021
11.3,12.766837142826196,10.054616240266963,1.4668371428261953
26.5,25.18564073101989,10.054616240266963,1.314359268980109
20.1,19.812158999394583,10.054616240266963,0.2878410006054182
7.1,8.147000757554464,10.054616240266963,1.0470007575544642
7.4,8.307937788873858,10.054616240266963,0.9079377888738573
5.5,10.197396455712514,10.054616240266963,4.697396455712514
14.3,15.973495876744352,10.054616240266963,1.6734958767443509
12.2,13.030898713751101,10.054616240266963,0.8308987137511021
7.8,8.990390518451694,10.054616240266963,1.1903905184516939
6.6,6.531856034102224,10.054616240266963,0.06814396589777605
7.6,8.055976779786334,10.054616240266963,0.4559767797863348
2.2,1.2713910214896185,10.054616240266963,0.9286089785103817
5.7,5.968298555478464,10.054616240266963,0.2682985554784638
7.1,7.675181193829444,10.054616240266963,0.5751811938294447
11.6,12.492291618943547,10.054616240266963,0.8922916189435472
15.9,16.85924757918202,10.054616240266963,0.959247579182021
9.6,11.31565696175576,10.054616240266963,1.7156569617557604
7.3,7.577566690862092,10.054616240266963,0.2775666908620922
5.4,5.35560590600191,10.054616240266963,0.04439409399809069
12.7,12.77924014312738,10.054616240266963,0.07924014312738059
30.2,27.40341867818077,10.054616240266963,2.796581321819229
10.7,11.368631935789955,10.054616240266963,0.6686319357899553
2.2,-0.1691241317690615,10.054616240266963,2.3691241317690617
6.0,5.650805548613325,10.054616240266963,0.3491944513866754
1.2,-0.7889192805610321,10.054616240266963,1.988919280561032
0.5,-0.6037888815347614,10.054616240266963,1.1037888815347614
7.0,7.328758655589833,10.054616240266963,0.32875865558983275
12.3,13.27531625935991,10.054616240266963,0.975316259359909
21.1,20.6285137217093,10.054616240266963,0.4714862782907012
5.4,5.3201045642518014,10.054616240266963,0.0798954357481989
8.5,8.70120287732936,10.054616240266963,0.2012028773293597
0.6,-1.7798559926943156,10.054616240266963,2.3798559926943157
2.4,1.4566932274635853,10.054616240266963,0.9433067725364146
1.2,-0.601647912983875,10.054616240266963,1.801647912983875
19.9,19.3778723860039,10.054616240266963,0.5221276139960978
5.9,5.104619351152194,10.054616240266963,0.7953806488478063
10.2,11.15981367234469,10.054616240266963,0.9598136723446906
13.8,15.330244028917223,10.054616240266963,1.530244028917222
8.5,9.285400752176923,10.054616240266963,0.7854007521769226
5.2,5.38081874718581,10.054616240266963,0.1808187471858096
6.3,6.375239661096382,10.054616240266963,0.07523966109638192
19.7,20.44693610213801,10.054616240266963,0.7469361021380116
7.3,8.501461151775853,10.054616240266963,1.2014611517758533
8.0,8.649090183778608,10.054616240266963,0.6490901837786076
10.2,10.925760217884207,10.054616240266963,0.7257602178842077
26.6,25.200191604346642,10.054616240266963,1.3998083956533591
9.8,10.945693026655743,10.054616240266963,1.1456930266557421
2.9,2.570267352090262,10.054616240266963,0.3297326479097378
14.7,15.396469037731652,10.054616240266963,0.6964690377316529
2.5,0.4111093369983152,10.054616240266963,2.088890663001685
5.1,5.9669593536181305,10.054616240266963,0.8669593536181308
3.6,3.374760633917097,10.054616240266963,0.2252393660829033
31.0,27.846776911779287,10.054616240266963,3.153223088220713
19.9,19.55069355022992,10.054616240266963,0.3493064497700793
7.9,8.530729611811873,10.054616240266963,0.6307296118118728
6.7,7.889357145041882,10.054616240266963,1.1893571450418818
8.3,8.793329944308905,10.054616240266963,0.4933299443089041
3.1,2.145519416719651,10.054616240266963,0.9544805832803491
19.6,19.531050309631958,10.054616240266963,0.06894969036804355
11.5,12.464085431643769,10.054616240266963,0.9640854316437686
12.4,13.173092135380816,10.054616240266963,0.773092135380816
5.6,5.640075019829125,10.054616240266963,0.04007501982912576
5.6,5.922601737895467,10.054616240266963,0.3226017378954671
6.7,7.624015372499251,10.054616240266963,0.9240153724992508
2.9,2.7194058042140767,10.054616240266963,0.18059419578592317
7.7,8.298554466095716,10.054616240266963,0.5985544660957158
5.7,6.1859293583755655,10.054616240266963,0.4859293583755653
13.1,15.089074521002264,10.054616240266963,1.989074521002264
20.5,20.686207648064105,10.054616240266963,0.18620764806410506
6.6,6.202543490702724,10.054616240266963,0.3974565092972755
3.7,3.1206131442464917,10.054616240266963,0.5793868557535085
4.7,5.345220274125034,10.054616240266963,0.6452202741250339
12.2,12.375542558534267,10.054616240266963,0.1755425585342678
4.0,2.6140222244411095,10.054616240266963,1.3859777755588905
15.9,15.991654025647076,10.054616240266963,0.0916540256470757
15.6,16.171624549885603,10.054616240266963,0.5716245498856036
6.3,7.125421664365139,10.054616240266963,0.8254216643651393
7.5,8.161243811628022,10.054616240266963,0.6612438116280224
9.3,10.323715632069105,10.054616240266963,1.0237156320691039
4.4,4.5785928815989285,10.054616240266963,0.17859288159892817
4.6,4.145935454570271,10.054616240266963,0.45406454542972874
50.6,40.588134931693936,10.054616240266963,10.011865068306065
6.6,7.184497386223582,10.054616240266963,0.5844973862235827
24.4,23.528005365471095,10.054616240266963,0.8719946345289031
9.9,10.851451384542344,10.054616240266963,0.9514513845423433
5.2,5.440220423720446,10.054616240266963,0.24022042372044616
8.2,8.847007578103906,10.054616240266963,0.6470075781039064
4.8,4.736814224801596,10.054616240266963,0.06318577519840396
30.1,27.640072653853686,10.054616240266963,2.4599273461463156
3.5,3.159691990427217,10.054616240266963,0.34030800957278284
14.3,16.320682560669063,10.054616240266963,2.020682560669062
8.6,9.684284810133123,10.054616240266963,1.0842848101331235
2.3,0.05710107521222696,10.054616240266963,2.242898924787773
5.3,5.863302792473301,10.054616240266963,0.5633027924733014
2.0,0.01843290770784023,10.054616240266963,1.9815670922921598
6.4,6.78428703659814,10.054616240266963,0.38428703659813923
12.4,12.169377841288359,10.054616240266963,0.2306221587116415
3.3,2.6082905641616367,10.054616240266963,0.6917094358383631
3.4,2.72615545863348,10.054616240266963,0.67384454136652
2.9,1.6056625757395775,10.054616240266963,1.2943374242604224
3.8,3.417579162268577,10.054616240266963,0.38242083773142266
9.1,9.211324627165983,10.054616240266963,0.1113246271659829
28.6,26.874571787801077,10.054616240266963,1.7254282121989242
5.6,5.983155284592215,10.054616240266963,0.38315528459221504
2.6,1.6874880441264182,10.054616240266963,0.9125119558735819
6.8,7.3034118992875,10.054616240266963,0.5034118992875003
20.6,20.651841070329482,10.054616240266963,0.05184107032948049
19.7,19.971473511989927,10.054616240266963,0.2714735119899281
0.3,-2.165831463887482,10.054616240266963,2.465831463887482
3.1,3.4619854808569803,10.054616240266963,0.36198548085698024
7.4,8.81808813453401,10.054616240266963,1.4180881345340097
7.9,8.51669083876028,10.054616240266963,0.6166908387602792
14.2,14.15270311123721,10.054616240266963,0.047296888762788925
3.0,2.739981666518732,10.054616240266963,0.260018333481268
21.1,20.16076237930983,10.054616240266963,0.9392376206901716
24.0,23.02524230852287,10.054616240266963,0.9747576914771301
8.4,9.828987071595126,10.054616240266963,1.4289870715951256
31.8,29.11911899498325,10.054616240266963,2.680881005016751
5.2,4.389789399511015,10.054616240266963,0.8102106004889853
15.5,15.2485963595649,10.054616240266963,0.25140364043510033
16.5,15.711578972813541,10.054616240266963,0.7884210271864589
5.3,4.652054895224109,10.054616240266963,0.6479451047758911
6.9,7.395090082487132,10.054616240266963,0.49509008248713204
2.1,1.053460540854827,10.054616240266963,1.046539459145173
15.1,15.872923967500473,10.054616240266963,0.7729239675004731
2.0,0.7797442010194828,10.054616240266963,1.2202557989805172
10.7,11.851891033870587,10.054616240266963,1.1518910338705872
2.2,0.41692940746159657,10.054616240266963,1.7830705925384036
3.0,1.9901823130073613,10.054616240266963,1.0098176869926387
30.4,27.770843876244548,10.054616240266963,2.6291561237554504
6.8,6.614751038155573,10.054616240266963,0.18524896184442685
5.8,5.5670737759827675,10.054616240266963,0.2329262240172323
15.4,16.153504145344,10.054616240266963,0.7535041453440012
1.8,-0.5361991629460867,10.054616240266963,2.3361991629460865
4.8,4.468156288791083,10.054616240266963,0.33184371120891676
17.0,17.29868483863161,10.054616240266963,0.29868483863160833
13.0,13.497023825251821,10.054616240266963,0.4970238252518211
21.2,21.01586313175467,10.054616240266963,0.1841368682453286
26.8,24.541807004461866,10.054616240266963,2.258192995538135
15.7,16.19140082325637,10.054616240266963,0.49140082325637024
12.4,13.387577360130107,10.054616240266963,0.987577360130107
6.4,7.428572175783578,10.054616240266963,1.0285721757835775
12.0,13.13364687796104,10.054616240266963,1.1336468779610396
12.8,13.580256201426,10.054616240266963,0.780256201425999
5.8,5.811477812958491,10.054616240266963,0.01147781295849093
8.1,9.301385590690083,10.054616240266963,1.2013855906900837
1.2,0.04309871344019456,10.054616240266963,1.1569012865598054
8.7,9.647906394821034,10.054616240266963,0.9479063948210342
16.5,16.75752895933075,10.054616240266963,0.2575289593307488
20.1,20.393866588835223,10.054616240266963,0.2938665888352219
5.7,6.20939758165798,10.054616240266963,0.5093975816579794
15.3,16.08403537821405,10.054616240266963,0.7840353782140497
9.0,9.154213550282037,10.054616240266963,0.1542135502820372
17.3,18.084370365737662,10.054616240266963,0.7843703657376615
33.7,30.30458036992452,10.054616240266963,3.3954196300754838
17.7,16.95946735204209,10.054616240266963,0.7405326479579095
10.8,11.299563340653002,10.054616240266963,0.4995633406530011
9.4,11.014298600392365,10.054616240266963,1.614298600392365
5.2,4.964335966769636,10.054616240266963,0.2356640332303641
24.5,23.795004149550593,10.054616240266963,0.7049958504494072
6.5,6.970691385749747,10.054616240266963,0.4706913857497472
6.2,6.845748284220392,10.054616240266963,0.6457482842203914
9.1,10.653048224071155,10.054616240266963,1.553048224071155
14.6,15.083438054757364,10.054616240266963,0.48343805475736445
9.8,10.608670996582156,10.054616240266963,0.8086709965821548
27.3,25.738792898675968,10.054616240266963,1.5612071013240332
9.4,9.695424586929288,10.054616240266963,0.29542458692928797
8.3,9.163382495063441,10.054616240266963,0.8633824950634406
34.5,30.216758261060107,10.054616240266963,4.283241738939893
1.4,0.5587925584722768,10.054616240266963,0.8412074415277231
5.7,6.246161721781716,10.054616240266963,0.5461617217817158
10.8,10.229551305953844,10.054616240266963,0.5704486940461564
5.4,5.414090664076773,10.054616240266963,0.014090664076772619
2.9,2.3313733599286453,10.054616240266963,0.5686266400713547
5.0,5.3654604179772845,10.054616240266963,0.36546041797728446
5.8,5.7876663780236255,10.054616240266963,0.012333621976374332
13.5,14.104127175176709,10.054616240266963,0.6041271751767088
12.0,13.914473866925704,10.054616240266963,1.9144738669257038
6.4,6.45281983072578,10.054616240266963,0.05281983072577923
11.4,12.244477052332158,10.054616240266963,0.8444770523321576
8.2,9.193626701067164,10.054616240266963,0.9936267010671642
13.8,15.352371179404658,10.054616240266963,1.5523711794046573
17.7,17.531975496046798,10.054616240266963,0.1680245039532018
13.6,14.55018956538702,10.054616240266963,0.9501895653870207
5.0,4.735869099884439,10.054616240266963,0.2641309001155614
6.8,7.428897593730968,10.054616240266963,0.6288975937309678
4.0,3.7666542177546516,10.054616240266963,0.2333457822453484
14.5,15.366742775279777,10.054616240266963,0.8667427752797767
16.8,17.786494113035435,10.054616240266963,0.9864941130354339
7.6,8.227007092957301,10.054616240266963,0.6270070929573013
18.6,18.86498295415675,10.054616240266963,0.2649829541567499
10.4,11.129353687857146,10.054616240266963,0.7293536878571452
3.6,3.7059121651864997,10.054616240266963,0.1059121651864996
5.3,5.538234294461292,10.054616240266963,0.23823429446129207
20.7,19.95917411836028,10.054616240266963,0.7408258816397186
4.8,4.983205110520532,10.054616240266963,0.18320511052053234
7.0,7.64695684433126,10.054616240266963,0.6469568443312603
25.5,24.144996466868946,10.054616240266963,1.355003533131054
7.6,8.297173510474884,10.054616240266963,0.6971735104748848
3.6,2.775187694175947,10.054616240266963,0.8248123058240533
13.2,14.018165305276295,10.054616240266963,0.8181653052762954
9.5,9.797352100305028,10.054616240266963,0.29735210030502834
5.1,4.5833210947420495,10.054616240266963,0.5166789052579501
17.1,17.55640924872026,10.054616240266963,0.45640924872025934
8.9,10.076914327840683,10.054616240266963,1.1769143278406826
17.4,17.50249737003006,10.054616240266963,0.10249737003006132
3.9,4.146611750990945,10.054616240266963,0.24661175099094512
20.4,20.438826416388356,10.054616240266963,0.03882641638835693
5.7,5.854417034166847,10.054616240266963,0.1544170341668467
1.2,0.5888501736435963,10.054616240266963,0.6111498263564037
1.3,-0.5674011660039167,10.054616240266963,1.8674011660039167
3.6,3.107742174522275,10.054616240266963,0.49225782547772523
17.7,17.87089696146505,10.054616240266963,0.17089696146505062
19.8,20.099515738949975,10.054616240266963,0.2995157389499745
4.3,4.145943397425715,10.054616240266963,0.15405660257428444
13.9,14.82649224051194,10.054616240266963,0.9264922405119389
4.8,4.828380596102555,10.054616240266963,0.028380596102555167
5.8,6.044753294596694,10.054616240266963,0.24475329459669393
11.9,12.868057309113787,10.054616240266963,0.968057309113787
2.6,1.1506143983395969,10.054616240266963,1.4493856016604032
10.9,11.750408227560701,10.054616240266963,0.8504082275607008
14.3,14.343768556461454,10.054616240266963,0.043768556461452945
1.1,0.590582863411754,10.054616240266963,0.5094171365882461
17.5,17.778514740710225,10.054616240266963,0.2785147407102251
9.3,10.583219649249468,10.054616240266963,1.2832196492494674
2.2,-0.029956249092331078,10.054616240266963,2.2299562490923313
4.2,4.3663914204699665,10.054616240266963,0.16639142046996636
9.7,11.70154444525118,10.054616240266963,2.001544445251181
4.7,5.534012368951215,10.054616240266963,0.8340123689512149
16.7,16.79511578670506,10.054616240266963,0.09511578670506182
16.9,17.39023675906155,10.054616240266963,0.4902367590615526
5.5,6.411831439339566,10.054616240266963,0.9118314393395659
4.1,3.3010364940345482,10.054616240266963,0.7989635059654514
7.5,8.345607613714545,10.054616240266963,0.8456076137145452
21.3,20.807161349271027,10.054616240266963,0.4928386507289737
7.1,7.732363098762031,10.054616240266963,0.6323630987620312
3.5,2.459953471715772,10.054616240266963,1.0400465282842282
3.8,3.2932090957662643,10.054616240266963,0.5067909042337355
8.9,9.924987647415971,10.054616240266963,1.024987647415971
29.8,26.445025824617776,10.054616240266963,3.3549741753822246
4.0,3.5038438406451586,10.054616240266963,0.49615615935484136
3.9,3.2175536836153897,10.054616240266963,0.6824463163846102
11.1,12.315820373371164,10.054616240266963,1.215820373371164
16.9,17.696482350603485,10.054616240266963,0.7964823506034868
5.4,5.75462581370365,10.054616240266963,0.35462581370364976
24.5,23.696105760540426,10.054616240266963,0.8038942394595736
4.7,6.851919779513535,10.054616240266963,2.151919779513535
12.3,13.037959592186962,10.054616240266963,0.7379595921869608
1.2,0.034119673348346424,10.054616240266963,1.1658803266516535
11.5,12.454936433891913,10.054616240266963,0.9549364338919126
7.8,8.473807752486243,10.054616240266963,0.6738077524862431
6.5,7.023535877618464,10.054616240266963,0.523535877618464
2.8,1.3877111228640224,10.054616240266963,1.4122888771359774
11.1,12.396230480826075,10.054616240266963,1.2962304808260754
6.3,6.491239583018008,10.054616240266963,0.19123958301800847
0.9,-1.402695939256894,10.054616240266963,2.302695939256894
14.2,14.505923873313638,10.054616240266963,0.30592387331363824
6.1,6.259946346664265,10.054616240266963,0.159946346664265
4.9,5.088212719312721,10.054616240266963,0.18821271931272054
7.9,9.053567847360096,10.054616240266963,1.1535678473600957
3.0,1.526402752068753,10.054616240266963,1.473597247931247
14.9,15.576242124351776,10.054616240266963,0.6762421243517753
11.2,12.621393161167328,10.054616240266963,1.4213931611673285
15.4,16.000490420304207,10.054616240266963,0.6004904203042063
12.8,13.603332217436401,10.054616240266963,0.8033322174364006
10.4,11.133348878504043,10.054616240266963,0.7333488785040423
17.9,18.530144719465355,10.054616240266963,0.6301447194653562
22.6,22.11752092342193,10.054616240266963,0.48247907657806977
18.4,19.110115426676998,10.054616240266963,0.7101154266769996
6.6,6.3753933694527625,10.054616240266963,0.22460663054723717
17.0,17.21772699641538,10.054616240266963,0.2177269964153794
2.9,2.585736376660604,10.054616240266963,0.31426362333939606
6.0,6.207521221842635,10.054616240266963,0.20752122184263477
16.8,17.327402276446556,10.054616240266963,0.5274022764465549
13.0,13.700108125130644,10.054616240266963,0.7001081251306438
11.9,12.402360340248997,10.054616240266963,0.5023603402489965
12.3,13.316615834069655,10.054616240266963,1.016615834069654
3.1,2.3476930359582875,10.054616240266963,0.7523069640417126
1.8,-0.10784505995680504,10.054616240266963,1.907845059956805
9.8,10.891085608475583,10.054616240266963,1.0910856084755824
13.6,13.768772488005103,10.054616240266963,0.16877248800510358
12.9,13.684731216084716,10.054616240266963,0.7847312160847153
9.3,9.94479088920556,10.054616240266963,0.6447908892055594
11.6,12.52047439497006,10.054616240266963,0.9204743949700607
13.5,14.955096268854973,10.054616240266963,1.4550962688549731
9.4,11.268971374800952,10.054616240266963,1.8689713748009513
4.0,3.7217135371725947,10.054616240266963,0.2782864628274053
5.1,5.069092526172308,10.054616240266963,0.030907473827691767
15.4,15.880182062914274,10.054616240266963,0.4801820629142739
5.8,5.629785977978636,10.054616240266963,0.17021402202136393
16.0,16.551736598275436,10.054616240266963,0.5517365982754363
2.5,1.6631347389880524,10.054616240266963,0.8368652610119476
10.0,10.868414277879618,10.054616240266963,0.8684142778796176
2.1,0.14203689129809938,10.054616240266963,1.9579631087019007
4.6,4.290437911708591,10.054616240266963,0.3095620882914085
13.6,14.042494793210555,10.054616240266963,0.44249479321055496
5.4,5.804345993923902,10.054616240266963,0.4043459939239016
2.9,1.575580165170896,10.054616240266963,1.3244198348291039
9.5,9.737496422265355,10.054616240266963,0.23749642226535528
3.2,3.3879850527717004,10.054616240266963,0.1879850527717002
13.0,14.545513679042928,10.054616240266963,1.5455136790429282
3.6,4.003785034788291,10.054616240266963,0.403785034788291
10.1,10.853429007453759,10.054616240266963,0.7534290074537591
11.8,13.141721290827906,10.054616240266963,1.3417212908279055
13.0,14.387474717846008,10.054616240266963,1.3874747178460076
2.8,1.7875834713633783,10.054616240266963,1.0124165286366216
3.6,2.9128112356462914,10.054616240266963,0.6871887643537087
2.5,1.0739472055172037,10.054616240266963,1.4260527944827963
10.8,12.045487798353067,10.054616240266963,1.2454877983530661
2.9,1.0525591306658661,10.054616240266963,1.8474408693341338
4.3,4.221340425861465,10.054616240266963,0.07865957413853497
8.3,9.285288163585365,10.054616240266963,0.9852881635853645
21.6,21.81841877603477,10.054616240266963,0.2184187760347669
10.2,11.326894389574402,10.054616240266963,1.126894389574403
14.2,14.995871345468505,10.054616240266963,0.7958713454685054
6.7,8.111795626571197,10.054616240266963,1.4117956265711973
20.0,19.855716385065914,10.054616240266963,0.1442836149340856
3.9,6.021540160080174,10.054616240266963,2.121540160080174
9.7,10.743227382706115,10.054616240266963,1.0432273827061156
5.8,5.94796848266507,10.054616240266963,0.14796848266507023
11.9,12.804007701158103,10.054616240266963,0.9040077011581023
13.2,13.035302119221608,10.054616240266963,0.16469788077839098
6.0,6.126357572628949,10.054616240266963,0.1263575726289492
4.2,4.567102969208696,10.054616240266963,0.36710296920869556
4.8,5.535424488812264,10.054616240266963,0.7354244888122645
3.6,3.7267869820695925,10.054616240266963,0.12678698206959238
5.3,4.635100746148776,10.054616240266963,0.6648992538512237
7.5,8.487191909982855,10.054616240266963,0.9871919099828546
2.4,0.2682822526696409,10.054616240266963,2.131717747330359
17.1,17.902392651428013,10.054616240266963,0.8023926514280113
2.9,3.2942043737212234,10.054616240266963,0.3942043737212235
1.5,0.7171456531215306,10.054616240266963,0.7828543468784694
12.3,12.39598857501467,10.054616240266963,0.09598857501466895
8.5,9.374895775079642,10.054616240266963,0.8748957750796418
1.7,0.03466546588599684,10.054616240266963,1.6653345341140031
9.8,10.82548751235371,10.054616240266963,1.0254875123537097
